<?xml version="1.0" encoding="UTF-8"?>
<library xmlns="http://www.demandware.com/xml/impex/library/2006-10-31" library-id="RefArchSharedLibrary">
    <content content-id="footer-locate-store">
        <display-name xml:lang="x-default">Store Locator Widget - Footer</display-name>
        <display-name xml:lang="fr-FR">Store Locator Widget - Pied de page</display-name>
        <online-flag>true</online-flag>
        <searchable-flag>false</searchable-flag>
        <page-attributes/>
        <custom-attributes>
            <custom-attribute attribute-id="body" xml:lang="x-default">&lt;a href="$httpsURL('StoreLocatorWidget-Show')$" class="menu-footer locate-store"&gt;&lt;h4&gt;Store Locator Widget&lt;/h4&gt;&lt;/a&gt;&#13;
                &lt;span class="content"&gt;Store Locator Widget helps you find the closest store near you.&lt;/span&gt;</custom-attribute>
            <custom-attribute attribute-id="body" xml:lang="fr-FR">&lt;a href="$httpsURL('StoreLocatorWidget-Show')$" class="menu-footer locate-store"&gt;&lt;h4&gt;Store Locator Widgets&lt;/h4&gt;&lt;/a&gt;&#13;
                &lt;span class="content"&gt;Store Locator Widget vous aide à trouver le magasin le plus proche.&lt;/span&gt;</custom-attribute>
        </custom-attributes>
    </content>
</library>
